"","st_louis_fed","censusyear","county","industrycode","total_output_value"
"1",1,1929,"Oktibbeha","118",16671
"2",1,1931,"Oktibbeha","118",9365
"3",0,1929,"Warren","1014",64596
"4",0,1931,"Warren","1014",43397
"5",1,1929,"Monroe","101",69514
"6",1,1931,"Monroe","101",42492
"7",0,1929,"Lincoln","136",17662
"8",0,1931,"Lincoln","136",19929
"9",0,1929,"Hinds","136",129085
"10",0,1931,"Hinds","136",86585
"11",0,1929,"Lauderdale","314",247405
"12",0,1931,"Forrest","1677",11900
"13",1,1929,"Monroe","136",24256
"14",1,1931,"Monroe","136",14046
"15",1,1929,"Monroe","119",46610
"16",1,1931,"Monroe","119",27300
"17",1,1931,"Monroe","1676",17895
"18",0,1929,"Harrison","104",227007
"19",0,1931,"Harrison","104",134524
"20",0,1929,"Hinds","103",455884
"21",0,1931,"Hinds","103",135760
"22",0,1929,"Lauderdale","103",656993
"23",1,1929,"Attala","116",137409
"24",1,1931,"Attala","114",264847
"25",0,1931,"Pearl River","317",17359
"26",0,1929,"Hancock","119",32582
"27",0,1931,"Hancock","119",33492
"28",1,1929,"Yalobusha","314",92000
"29",1,1929,"Humphreys","119",24392
"30",1,1931,"Humphreys","119",14514
"31",1,1929,"Humphreys","101",59072
"32",1,1931,"Humphreys","101",29000
"33",1,1931,"Humphreys","1677",11158
"34",0,1929,"Hinds","520",28617
"35",0,1931,"Hinds","520",33539
"36",1,1929,"Oktibbeha","111",1259691
"37",0,1931,"Warren","112",27863
"38",0,1929,"Harrison","101",18118
"39",0,1931,"Harrison","101",13687
"40",0,1929,"Harrison","136",57865
"41",0,1931,"Harrison","136",38873
"42",0,1929,"Harrison","104",31927
"43",0,1931,"Harrison","104",238200
"44",0,1929,"Harrison","114",108000
"45",0,1931,"Harrison","114",51450
"46",0,1931,"Harrison","1676",38851
"47",0,1929,"Lincoln","119",34310
"48",0,1931,"Lincoln","119",22192
"49",0,1929,"Lincoln","101",40031
"50",0,1931,"Lincoln","101",27126
"51",0,1929,"Lincoln","622",463920
"52",0,1931,"Lincoln","622",383362
"53",0,1929,"Lincoln","103",277945
"54",0,1931,"Lincoln","103",200285
"55",0,1931,"Lincoln","1676",20400
"56",1,1931,"Noxubee","119",6300
"57",0,1929,"Warren","101",169683
"58",0,1931,"Warren","101",165706
"59",0,1929,"Harrison","104",375565
"60",0,1931,"Harrison","104",89511
"61",0,1929,"Madison","119",40995
"62",0,1931,"Madison","119",28051
"63",0,1929,"Leake","101",36551
"64",0,1931,"Leake","101",16299
"65",1,1931,"Coahoma","1677",11000
"66",0,1929,"Claiborne","119",10080
"67",0,1931,"Claiborne","119",7867
"68",1,1931,"Lafayette","1677",7738
"69",1,1931,"Sunflower","1677",12776
"70",1,1931,"Sunflower","119",5617
"71",1,1929,"Coahoma","119",55023
"72",1,1931,"Coahoma","119",32700
"73",1,1929,"Coahoma","520",27950
"74",1,1931,"Coahoma","520",12998
"75",0,1931,"Lauderdale","1677",9800
"76",1,1931,"Coahoma","622",286818
"77",0,1929,"Harrison","101",93254
"78",0,1931,"Harrison","101",89414
"79",1,1929,"Alcorn","101",103172
"80",1,1931,"Alcorn","101",87522
"81",1,1929,"Lee","101",82000
"82",1,1931,"Lee","101",56870
"83",1,1929,"Leflore","101",229671
"84",1,1931,"Leflore","101",158257
"85",1,1929,"Coahoma","101",127265
"86",1,1931,"Coahoma","101",84416
"87",1,1929,"Washington","101",103200
"88",1,1931,"Washington","101",80582
"89",1,1929,"Panola","101",59595
"90",1,1931,"Panola","101",38000
"91",1,1931,"Bolivar","101",49248
"92",1,1929,"Union","101",67140
"93",1,1931,"Union","101",43907
"94",1,1929,"Lowndes","101",73086
"95",1,1931,"Lowndes","101",50257
"96",0,1929,"Marion","101",38800
"97",0,1931,"Marion","101",26943
"98",0,1931,"Marion","234a",60580
"99",1,1929,"Lowndes","118",96973
"100",1,1931,"Lowndes","118",55792
"101",1,1929,"Lowndes","1014",355186
"102",1,1931,"Lowndes","1014",190659
"103",1,1929,"Leflore","136",37770
"104",1,1931,"Leflore","136",23278
"105",1,1931,"Panola","101",6195
"106",1,1929,"Coahoma","136",262476
"107",1,1931,"Coahoma","136",177518
"108",1,1929,"Montgomery","216",290770
"109",1,1931,"Montgomery","216",219854
"110",1,1929,"Panola","622",484789
"111",1,1931,"Panola","622",293912
"112",1,1931,"Coahoma","1676",61296
"113",1,1929,"Coahoma","119",37800
"114",1,1931,"Coahoma","119",23381
"115",1,1931,"Coahoma","119",9345
"116",1,1929,"Washington","119",31100
"117",1,1931,"Washington","119",27365
"118",0,1929,"Copiah","119",52850
"119",0,1931,"Copiah","119",28740
"120",0,1931,"Hinds","136",30000
"121",0,1929,"Marion","101",16878
"122",0,1929,"Yazoo","118",27571
"123",0,1931,"Yazoo","118",13200
"124",1,1929,"Washington","101",35867
"125",1,1931,"Washington","101",14953
"126",0,1929,"Hinds","622",739962
"127",0,1931,"Hinds","622",716032
"128",0,1929,"Warren","119",84082
"129",0,1931,"Warren","119",94824
"130",0,1929,"Lauderdale","520",122660
"131",0,1931,"Lauderdale","520",180825
"132",1,1929,"Washington","118",22906
"133",1,1931,"Washington","118",28380
"134",0,1929,"Harrison","104",87000
"135",0,1931,"Harrison","104",182046
"136",0,1929,"Lauderdale","119",37800
"137",0,1931,"Lauderdale","119",45732
"138",0,1931,"Harrison","520",9881
"139",0,1931,"Marion","105",99961
"140",0,1931,"Wayne","105",85869
"141",1,1931,"Lowndes","101",35000
"142",1,1929,"Holmes","119",23096
"143",1,1931,"Holmes","119",16360
"144",0,1929,"Lauderdale","622",577972
"145",0,1931,"Lauderdale","622",428484
"146",1,1929,"Coahoma","622",265397
"147",1,1931,"Coahoma","622",143373
"148",0,1931,"Jones","119",26428
"149",0,1931,"Kemper","119",39050
"150",0,1929,"Warren","136",21955
"151",0,1931,"Harrison","136",27319
"152",0,1929,"Harrison","136",48208
"153",0,1931,"Harrison","136",22640
"154",0,1931,"Lauderdale","1624",32400
"155",0,1931,"Hinds","1677",19839
"156",1,1931,"Webster","119",5904
"157",0,1929,"Hinds","1005",75014
"158",0,1931,"Jefferson Davis","119",7558
"159",0,1929,"Newton","118",25000
"160",0,1931,"Newton","118",8700
"161",1,1931,"Washington","1677",16451
"162",0,1931,"Stone","317",23232
"163",0,1929,"Forrest","520",29082
"164",0,1931,"Forrest","520",21043
"165",1,1929,"Washington","119",72866
"166",1,1931,"Washington","119",50488
"167",1,1929,"Washington","622",1005640
"168",1,1931,"Washington","622",466637
"169",1,1929,"Grenada","101",54857
"170",1,1931,"Grenada","101",47735
"171",1,1929,"Grenada","622",418295
"172",1,1931,"Grenada","622",288773
"173",0,1931,"Lincoln","1677",10211
"174",0,1931,"Harrison","114",40313
"175",0,1931,"Harrison","104",229641
"176",1,1931,"Winston","1502",128535
"177",0,1931,"Harrison","1676",97755
"178",0,1929,"Harrison","520",29245
"179",0,1931,"Harrison","520",17679
"180",0,1931,"Jackson","317",14742
"181",0,1931,"Harrison","317",17649
"182",0,1929,"Harrison","119",9606
"183",0,1931,"Harrison","119",11940
"184",1,1929,"Lowndes","136",140000
"185",1,1931,"Lowndes","136",83321
"186",1,1929,"Alcorn","136",37340
"187",1,1931,"Alcorn","136",34046
"188",0,1929,"Lauderdale","136",141463
"189",0,1931,"Lauderdale","136",89810
"190",1,1929,"Lee","136",78201
"191",1,1931,"Lee","136",53877
"192",0,1931,"Copiah","1677",8888
"193",0,1929,"Forrest","651",1382919
"194",0,1931,"Forrest","101",117584
"195",0,1929,"Forrest","118",105303
"196",0,1931,"Forrest","118",45490
"197",0,1929,"Forrest","116",134500
"198",0,1931,"Forrest","114",96285
"199",0,1931,"Copiah","119",13600
"200",0,1929,"Copiah","622",934574
"201",0,1931,"Copiah","622",463549
"202",0,1929,"Hinds","520",195000
"203",0,1931,"Hinds","520",137500
"204",1,1929,"Washington","622",1172453
"205",1,1931,"Washington","622",797442
"206",1,1929,"Marshall","119",13950
"207",1,1931,"Marshall","119",10785
"208",1,1929,"Marshall","1014",16000
"209",1,1929,"Sunflower","136",79259
"210",1,1931,"Sunflower","136",30648
"211",0,1929,"Adams","136",20075
"212",0,1931,"Adams","136",16850
"213",1,1931,"Union","119",10369
"214",0,1931,"Lincoln","119",16000
"215",1,1931,"Lee","119",17696
"216",1,1929,"Chickasaw","101",51615
"217",0,1929,"Forrest","136",55423
"218",0,1931,"Forrest","136",39230
"219",1,1931,"Humphreys","622",206744
"220",0,1931,"Neshoba","119",12978
"221",0,1931,"Jackson","136",28014
"222",0,1931,"Pike","1502",1746029
"223",1,1929,"Noxubee","119",12000
"224",1,1931,"Noxubee","622",302142
"225",1,1929,"Sunflower","119",20090
"226",1,1931,"Sunflower","119",12535
"227",1,1931,"Alcorn","614",41847
"228",1,1931,"Lee","614",157814
"229",1,1929,"Washington","622",886033
"230",1,1931,"Washington","622",337418
"231",0,1931,"Lauderdale","520",32326
"232",0,1931,"Perry","317",80157
"233",1,1929,"Oktibbeha","216",166869
"234",0,1929,"Hinds","119",200779
"235",0,1931,"Hinds","119",157444
"236",0,1929,"Hinds","101",83000
"237",0,1931,"Hinds","101",30616
"238",0,1929,"Hinds","101",453052
"239",0,1931,"Hinds","101",374405
"240",0,1929,"Hinds","119",19000
"241",0,1931,"Hinds","119",12000
"242",0,1929,"Hinds","1014",46123
"243",0,1931,"Hinds","1014",28328
"244",0,1929,"Hinds","520",27723
"245",0,1931,"Hinds","520",42930
"246",0,1931,"Hinds","1676",136739
"247",0,1929,"Harrison","104",95800
"248",0,1931,"Harrison","104",74700
"249",0,1931,"Hinds","1677",7250
"250",1,1931,"Lee","1677",8897
"251",1,1931,"Bolivar","1677",16800
"252",1,1931,"Monroe","103",166080
"253",0,1929,"Warren","136",158366
"254",0,1931,"Warren","136",97248
"255",0,1931,"Hinds","1677",19872
"256",1,1929,"Attala","103",122737
"257",1,1931,"Attala","103",56250
"258",1,1929,"Attala","119",30000
"259",1,1931,"Attala","119",8000
"260",0,1929,"Harrison","136",139676
"261",0,1931,"Harrison","136",90078
"262",0,1931,"Yazoo","1677",6783
"263",0,1929,"Jones","101",126987
"264",0,1931,"Jones","101",91388
"265",0,1929,"Jones","651",264879
"266",0,1931,"Jones","633",169266.27
"267",0,1929,"Jones","622",1108555
"268",0,1931,"Jones","622",695457
"269",1,1929,"Leflore","520",50294
"270",1,1931,"Leflore","520",28857
"271",1,1929,"Leflore","622",539219
"272",1,1931,"Leflore","622",309650
"273",1,1931,"Washington","119",16337
"274",1,1929,"Washington","622",1703022
"275",1,1931,"Washington","622",870304
"276",1,1929,"Holmes","101",59950
"277",1,1931,"Holmes","101",30848
"278",1,1929,"Holmes","103",64914
"279",1,1931,"Holmes","103",26912
"280",1,1929,"Winston","101",27890
"281",1,1931,"Winston","101",33954
"282",0,1931,"Greene","317",23240
"283",0,1929,"George","105",265785
"284",0,1931,"George","105",96834
"285",1,1929,"Monroe","136",19655
"286",1,1931,"Monroe","136",12493
"287",1,1929,"Noxubee","103",64907
"288",1,1931,"Noxubee","103",40059
"289",0,1931,"Hinds","1677",48782
"290",0,1929,"Pike","622",276616
"291",0,1931,"Pike","622",309448
"292",1,1929,"Quitman","119",13670
"293",1,1931,"Quitman","119",6275
"294",0,1929,"Forrest","136",306514
"295",0,1931,"Forrest","136",105199
"296",0,1929,"Harrison","104",96498
"297",0,1931,"Harrison","104",62250
"298",0,1929,"Jones","105",158810
"299",0,1931,"Jones","105",103494
"300",0,1929,"Pike","119",243061
"301",0,1931,"Pike","119",300151
"302",0,1929,"Pike","101",81711
"303",0,1931,"Pike","101",67510
"304",0,1929,"Pike","118",51808
"305",0,1931,"Pike","118",36840
"306",0,1931,"Pike","101",18161
"307",1,1929,"Coahoma","101",35000
"308",0,1931,"Pike","116",52237
"309",0,1931,"Hancock","317",16000
"310",0,1929,"Jones","136",90000
"311",0,1931,"Jones","136",59100
"312",0,1929,"Warren","136",5160
"313",0,1931,"Warren","136",33593
"314",0,1929,"Lauderdale","101",98000
"315",0,1931,"Lauderdale","101",42195
"316",0,1929,"Lauderdale","119",141464
"317",0,1931,"Lauderdale","119",120895
"318",0,1929,"Lauderdale","101",311173
"319",0,1931,"Lauderdale","101",224044
"320",0,1931,"Forrest","614",223921
"321",0,1931,"Lauderdale","614",256929
"322",0,1929,"Lauderdale","114",1601726
"323",0,1931,"Lauderdale","114",786839
"324",1,1931,"Leflore","622",670571
"325",0,1931,"Harrison","104",88000
"326",0,1929,"Hinds","622",118968
"327",0,1931,"Hinds","622",638170
"328",0,1929,"Harrison","119",73126
"329",0,1931,"Harrison","119",77872
"330",0,1929,"Harrison","119",80536
"331",0,1931,"Harrison","119",59097
"332",1,1929,"Bolivar","119",21896
"333",1,1931,"Bolivar","119",18197
"334",1,1931,"Leflore","119",53842
"335",0,1931,"Walthall","119",10081
"336",0,1929,"Warren","520",100529
"337",0,1931,"Warren","520",72316
"338",1,1929,"Winston","119",25891
"339",1,1931,"Winston","119",18345
"340",0,1931,"Warren","1677",17316
"341",0,1929,"Hinds","119",130000
"342",0,1931,"Hinds","119",60000
"343",0,1929,"Adams","101",132956
"344",0,1931,"Adams","101",98647
"345",0,1929,"Adams","136",102140
"346",0,1931,"Adams","136",73300
"347",0,1929,"Adams","119",73828
"348",0,1931,"Adams","119",35085
"349",0,1929,"Adams","520",25000
"350",0,1931,"Adams","520",19177
"351",0,1929,"Hinds","101",55000
"352",0,1931,"Hinds","101",25600
"353",0,1929,"Warren","101",35806
"354",0,1931,"Warren","101",19426
"355",1,1931,"Attala","101",8500
"356",1,1929,"Bolivar","101",33858
"357",1,1931,"Bolivar","101",9700
"358",0,1929,"Jones","101",57892
"359",0,1931,"Jones","101",21730
"360",1,1929,"Lafayette","119",14891
"361",1,1931,"Lafayette","119",9075
"362",0,1929,"Newton","119",16386
"363",0,1931,"Newton","119",11084
"364",0,1929,"Newton","101",81532
"365",0,1931,"Forrest","317",81637
"366",0,1931,"Newton","614",100969
"367",0,1931,"Forrest","1677",8600
"368",1,1931,"Leflore","101",11679
"369",0,1931,"Jones","1676",27728
"370",0,1929,"Jones","520",7416
"371",0,1931,"Jones","520",6506
"372",0,1931,"Hinds","1677",10500
"373",0,1929,"Marion","118",22200
"374",0,1931,"Marion","118",15457
"375",0,1931,"Lauderdale","1677",8636
"376",0,1931,"Rankin","119",7000
"377",0,1929,"Neshoba","101",42288
"378",0,1931,"Neshoba","101",18112
"379",0,1931,"Forrest","1677",15032
"380",0,1931,"Pearl River","101",25724
"381",0,1931,"Pearl River","119",9500
"382",1,1929,"Coahoma","622",2328304
"383",1,1931,"Coahoma","622",1513580
"384",1,1929,"Sunflower","622",583904
"385",1,1931,"Sunflower","622",405159
"386",0,1931,"Yazoo","622",358356
"387",1,1929,"Attala","622",537249
"388",1,1931,"Attala","622",250162
"389",1,1929,"Tunica","622",384059
"390",1,1931,"Tunica","622",402588
"391",1,1929,"Leflore","622",1743234
"392",1,1931,"Leflore","622",832475
"393",0,1929,"Jefferson Davis","136",10000
"394",0,1929,"Marion","119",24105
"395",0,1931,"Marion","119",17352
"396",1,1929,"Alcorn","119",24300
"397",0,1931,"Adams","119",9975
"398",1,1929,"Pontotoc","622",303182
"399",1,1931,"Pontotoc","622",235249
"400",1,1929,"Pontotoc","119",12257
"401",1,1931,"Pontotoc","119",5745
"402",0,1929,"Claiborne","622",1063190
"403",0,1931,"Claiborne","622",893210
"404",0,1931,"Hinds","520",22424
"405",0,1929,"Hinds","136",52500
"406",0,1931,"Hinds","136",36685
"407",1,1931,"Alcorn","1676",34000
"408",0,1931,"Lauderdale","1604",28203
"409",1,1931,"Lowndes","119",17525
"410",0,1931,"Lauderdale","1677",18252
"411",0,1929,"Perry","119",11094
"412",0,1931,"Perry","119",5760
"413",1,1931,"Tippah","119",7406
"414",0,1929,"Sharkey","119",10959
"415",0,1931,"Sharkey","119",9000
"416",1,1929,"Washington","119",26137
"417",1,1931,"Bolivar","119",13184
"418",1,1931,"Bolivar","1676",11700
"419",0,1929,"Lauderdale","114",861940
"420",0,1931,"Lauderdale","114",804438
"421",1,1929,"Sunflower","119",16000
"422",1,1931,"Sunflower","119",9870
"423",0,1929,"Adams","112",102326
"424",0,1931,"Adams","112",61022
"425",1,1929,"Panola","103",83292
"426",1,1931,"Panola","103",44336
"427",0,1929,"Jackson","136",17976
"428",0,1931,"Jackson","136",5504
"429",0,1929,"Madison","136",6540
"430",0,1931,"Madison","136",5612
"431",1,1929,"Tate","119",12000
"432",1,1931,"Tate","119",10200
"433",1,1929,"Bolivar","622",395841
"434",1,1931,"Bolivar","622",260793
"435",1,1931,"Leflore","1677",16941
"436",0,1931,"Sharkey","1677",8093
"437",0,1929,"Jones","136",53344
"438",0,1931,"Jones","136",197203
"439",0,1929,"Lauderdale","136",128210
"440",0,1931,"Lauderdale","136",181280
"441",0,1929,"Jones","520",27954
"442",0,1931,"Jones","520",19849
"443",0,1931,"Jackson","1676",15000
"444",0,1931,"Hinds","622",498783
"445",1,1929,"Grenada","136",24406
"446",1,1931,"Grenada","136",12520
"447",1,1931,"Grenada","1677",15556
"448",1,1929,"Oktibbeha","101",44818
"449",1,1931,"Oktibbeha","101",29588
"450",0,1931,"Clarke","216",1260251
"451",1,1929,"Sunflower","622",539528
"452",1,1931,"Sunflower","622",324613
"453",1,1931,"Coahoma","1676",68943
"454",0,1931,"Lauderdale","136",24085
"455",0,1929,"Harrison","136",42698
"456",0,1931,"Harrison","136",34832
"457",0,1929,"Hinds","136",13025
"458",0,1931,"Hinds","136",12460
"459",1,1931,"Leflore","1303",240000
"460",1,1929,"Tallahatchie","119",14135
"461",1,1931,"Tallahatchie","119",7812
"462",1,1929,"Tallahatchie","622",949014
"463",1,1931,"Tallahatchie","622",383145
"464",1,1931,"Leflore","520",8592
"465",1,1929,"Attala","515",11471
"466",0,1929,"Hinds","114",1452700
"467",0,1931,"Hinds","114",443456
"468",1,1929,"Washington","136",45000
"469",0,1929,"Jones","114",1551000
"470",0,1931,"Jones","114",1053557
"471",0,1929,"Harrison","112",15100
"472",0,1931,"Harrison","112",10491
"473",1,1929,"Alcorn","520",21000
"474",1,1931,"Alcorn","520",15763
"475",1,1929,"Bolivar","622",761607
"476",1,1931,"Bolivar","622",258361
"477",0,1929,"Warren","622",618483
"478",0,1931,"Warren","622",271584
"479",0,1929,"Harrison","136",57000
"480",0,1931,"Harrison","136",45773
"481",0,1931,"Amite","105",5350
"482",1,1931,"Tunica","1677",7171
"483",1,1931,"Lee","216",770149
"484",1,1929,"Lee","119",44490
"485",1,1931,"Lee","119",27373
"486",1,1931,"Lee","1676",34115
"487",0,1929,"Newton","622",68480
"488",0,1931,"Newton","622",89776
"489",0,1931,"Warren","1676",183356
"490",1,1929,"Monroe","118",18812
"491",1,1931,"Monroe","118",8924
"492",1,1929,"Grenada","520",16381
"493",1,1931,"Grenada","520",10396
"494",1,1931,"Yalobusha","1676",16362
"495",1,1929,"Clay","101",37913
"496",1,1931,"Clay","622",202262
"497",1,1929,"Clay","119",21696
"498",1,1931,"Clay","119",17000
"499",1,1929,"Clay","622",164795
"500",1,1931,"Clay","101",26957
"501",1,1929,"Clay","136",42000
"502",1,1931,"Clay","136",21600
"503",1,1931,"Montgomery","614",10471
"504",1,1929,"Montgomery","622",227844
"505",1,1931,"Montgomery","622",184745
"506",0,1929,"Yazoo","119",50525
"507",0,1931,"Yazoo","119",32993
"508",0,1929,"Yazoo","101",77958
"509",0,1931,"Yazoo","101",52487
"510",1,1931,"Chickasaw","136",10000
"511",0,1931,"Hinds","614",391046
"512",1,1929,"Prentiss","119",13967
"513",1,1931,"Prentiss","119",10253
"514",1,1931,"Holmes","1502",51399
"515",0,1929,"Warren","520",20712
"516",0,1931,"Warren","520",18611
"517",1,1931,"Lee","101",23438
"518",1,1929,"Coahoma","118",88118
"519",1,1931,"Coahoma","118",29000
"520",1,1929,"Lee","118",85218
"521",1,1931,"Lee","118",45939
"522",0,1929,"Adams","101",18918
"523",0,1931,"Adams","101",12650
"524",0,1929,"Harrison","118",53100
"525",0,1931,"Harrison","118",28773
"526",0,1931,"Stone","105",411939
"527",0,1929,"Harrison","104",12523
"528",0,1931,"Harrison","104",35598
"529",1,1929,"Grenada","118",19736
"530",1,1931,"Grenada","118",5460
"531",1,1929,"Lowndes","119",29200
"532",1,1931,"Lowndes","119",27856
"533",0,1929,"Warren","119",73500
"534",0,1931,"Warren","119",64578
"535",1,1931,"Bolivar","1676",25000
"536",1,1931,"Alcorn","622",441417
"537",0,1929,"Hinds","622",68795
"538",0,1931,"Hinds","622",344620
"539",1,1929,"Yalobusha","136",54000
"540",1,1931,"Yalobusha","136",8400
"541",1,1931,"Noxubee","111",430013
"542",0,1931,"Hinds","1676",48782
"543",0,1931,"Hancock","136",8000
"544",0,1931,"Greene","317",15770
"545",0,1931,"Hinds","1677",16125
"546",1,1931,"Montgomery","1677",7500
"547",0,1931,"Greene","119",5500
"548",1,1929,"Choctaw","101",36147
"549",1,1931,"Choctaw","101",17275
"550",0,1929,"Madison","118",20000
"551",0,1931,"Madison","118",10000
"552",0,1931,"Neshoba","1677",6026
"553",1,1929,"Grenada","119",28000
"554",1,1931,"Grenada","119",32325
"555",0,1929,"Jones","119",32259
"556",1,1931,"Lee","103",56588
"557",0,1929,"Wilkinson","101",26591
"558",0,1931,"Wilkinson","101",16284
"559",1,1929,"Yalobusha","107",164546
"560",1,1931,"Yalobusha","107",65957
"561",0,1929,"Copiah","304",25000
"562",1,1931,"Yalobusha","118",6821
"563",0,1931,"Pike","1676",48478
"564",1,1931,"Leflore","1676",46698
"565",1,1931,"Washington","1502",5477
"566",0,1931,"Harrison","1677",51151
"567",0,1929,"Yazoo","136",43755
"568",0,1931,"Yazoo","136",27825
"569",0,1931,"Lauderdale","1676",41327
"570",1,1929,"Lee","622",352722
"571",1,1931,"Lee","622",232188
"572",0,1929,"Hinds","1005",72325
"573",0,1931,"Adams","118",5700
"574",0,1931,"Warren","128",7800
"575",1,1929,"Noxubee","111",307817
"576",1,1931,"Oktibbeha","111",941443
"577",0,1931,"Lauderdale","1676",86935
"578",0,1931,"Lamar","119",7866
"579",1,1931,"Tunica","119",11542
"580",0,1931,"Simpson","317",13700
"581",0,1929,"Newton","107",81196
"582",0,1931,"Newton","107",87420
"583",0,1931,"Forrest","1676",56698
"584",0,1931,"Harrison","1677",8000
"585",1,1929,"Holmes","103",54917
"586",1,1931,"Holmes","103",32586
"587",0,1929,"Hinds","203",22000
"588",0,1931,"Hinds","203",9700
"589",1,1929,"Chickasaw","119",40000
"590",1,1931,"Chickasaw","119",10000
"591",1,1929,"Lowndes","622",400829
"592",1,1931,"Lowndes","622",276747
"593",0,1929,"Lauderdale","118",37200
"594",0,1931,"Lauderdale","118",24898
"595",1,1931,"Chickasaw","1677",5831
"596",0,1931,"Adams","110",8500
"597",1,1929,"Lee","111",809857
"598",1,1931,"Lee","111",557267
"599",0,1931,"Wayne","317",9650
"600",0,1931,"Jones","1502",92271
"601",0,1931,"Scott","119",5512
"602",0,1931,"Forrest","119",75000
"603",0,1931,"Hinds","622",1744127
"604",0,1931,"Forrest","520",17231
"605",1,1929,"Coahoma","101",30213
"606",1,1931,"Coahoma","101",5919
"607",0,1929,"Lincoln","118",22025
"608",0,1931,"Lincoln","118",13200
"609",0,1929,"Forrest","622",164809
"610",0,1931,"Forrest","622",226888
"611",0,1931,"Wayne","317",8300
"612",1,1931,"Montgomery","103",83311
"613",1,1931,"Oktibbeha","1677",7200
"614",0,1931,"Forrest","118",13983
"615",0,1931,"Hinds","110",50000
"616",1,1929,"Chickasaw","107",166065
"617",1,1931,"Chickasaw","107",61585
"618",0,1931,"Hinds","1677",7311
"619",0,1931,"Wayne","119",6006
"620",0,1931,"Hinds","1640",6009
"621",1,1931,"Clay","1677",7834
"622",1,1929,"Washington","622",876996
"623",1,1931,"Washington","622",483383
"624",0,1929,"Harrison","136",44054
"625",0,1931,"Warren","136",13839
"626",1,1929,"Bolivar","136",40000
"627",1,1931,"Bolivar","136",11700
"628",1,1929,"Oktibbeha","103",421405
"629",1,1931,"Oktibbeha","103",338302
"630",0,1931,"Lincoln","1677",5500
"631",0,1931,"Jones","119",11917
"632",0,1931,"Lauderdale","234a",55000
"633",0,1931,"Lauderdale","101",18756
"634",1,1931,"Lowndes","107",63309
"635",1,1929,"Bolivar","119",10000
"636",1,1931,"Bolivar","119",7970
"637",0,1931,"Jackson","104",40944
"638",1,1931,"Bolivar","1677",6172
"639",0,1931,"Hinds","110",52115
"640",0,1931,"Yazoo","101",8766
"641",1,1931,"Clay","118",19815
"642",0,1931,"Pearl River","317",22381
"643",0,1931,"Hinds","1502",82676
"644",0,1931,"Warren","1502",638299
"645",1,1931,"Washington","110",28500
"646",1,1931,"Washington","1677",9544
"647",1,1931,"Lafayette","1677",5020
"648",1,1929,"Alcorn","107",53578
"649",1,1931,"Alcorn","107",91909
"650",0,1931,"Forrest","1502",81259
"651",1,1931,"Lee","119",5550
"652",1,1931,"Alcorn","105",44973
"653",1,1929,"Coahoma","119",11959
"654",1,1931,"Coahoma","119",6475
"655",0,1931,"Jackson","317",14400
"656",0,1931,"Hinds","119",6000
"657",0,1931,"Pike","116",18026
"658",1,1931,"Lee","210B",98800
"659",0,1929,"Hinds","136",79163
"660",0,1931,"Hinds","136",80000
"661",0,1931,"Forrest","1677",6157
"662",0,1929,"Adams","101",27065
"663",0,1931,"Adams","101",13400
"664",0,1929,"Harrison","118",50330
"665",0,1931,"Harrison","118",45720
"666",0,1931,"Forrest","101",20419
"667",0,1931,"Lauderdale","1676",30000
"668",1,1929,"Washington","118",35800
"669",1,1931,"Washington","118",22000
"670",1,1929,"Alcorn","119",31222
"671",1,1931,"Alcorn","119",19604
"672",0,1931,"Pike","110",22674
"673",1,1929,"Panola","119",9000
"674",1,1931,"Panola","119",7055
"675",0,1931,"Hinds","1502",221417
"676",0,1931,"Jones","1676",48663
"677",0,1931,"Pearl River","317",65935
"678",0,1931,"Forrest","110",15883
"679",0,1929,"Hinds","118",162573
"680",0,1931,"Hinds","118",100299
"681",0,1931,"Lauderdale","614",28122
"682",0,1931,"Hinds","1676",88000
"683",1,1931,"Oktibbeha","136",7578
"684",0,1929,"Jefferson Davis","119",8600
"685",0,1931,"Jefferson Davis","119",5355
"686",0,1931,"Harrison","614",92945
"687",0,1931,"Hinds","1677",20000
"688",1,1931,"Washington","1676",41149
"689",1,1931,"Yalobusha","1677",5061
"690",0,1931,"Yazoo","1677",5013
"691",1,1929,"Alcorn","118",95087
"692",1,1931,"Alcorn","118",20747
"693",1,1931,"Alcorn","101",10020
"694",1,1929,"Montgomery","107",115434
"695",1,1931,"Montgomery","107",47165
"696",0,1931,"Lauderdale","234a",133901
"697",1,1929,"Winston","107",51562
"698",1,1931,"Winston","107",6714
"699",1,1931,"Union","1502",36586
"700",1,1931,"Alcorn","1676",16407
"701",0,1931,"Harrison","101",6578
"702",0,1929,"Lauderdale","136",45216
"703",0,1931,"Lauderdale","136",19587
"704",0,1931,"Hinds","1677",7274
"705",0,1929,"Claiborne","136",9000
"706",0,1931,"Hinds","1677",14660
"707",0,1931,"Newton","119",7500
"708",1,1931,"Washington","1676",21707
"709",0,1931,"Harrison","104",97306
"710",1,1929,"Oktibbeha","119",89817
"711",1,1931,"Oktibbeha","119",12815
"712",1,1931,"Coahoma","101",11055
"713",1,1931,"Washington","1677",6500
"714",0,1929,"Harrison","104",103545
"715",0,1931,"Harrison","104",36150
"716",1,1931,"Washington","136",39435
"717",0,1931,"Hinds","1624",23882
"718",0,1931,"Forrest","101",30000
"719",0,1931,"Harrison","1677",14994
"720",1,1931,"Chickasaw","119",13500
"721",0,1931,"Jones","101",5487
"722",1,1931,"","1677",14000
"723",0,1931,"Pike","1677",8197
"724",0,1931,"Madison","1502",21350
"725",1,1929,"Chickasaw","116",14230
"726",1,1931,"Chickasaw","116",9770
"727",0,1929,"Hinds","118",69564
"728",0,1931,"Hinds","118",27239
"729",0,1931,"Wilkinson","119",8000
"730",1,1931,"Clay","103",337008
"731",1,1931,"Clay","126",203976
"732",0,1931,"Jones","1677",21870
"733",1,1931,"Montgomery","119",14840
"734",0,1931,"Lauderdale","1502",926774
"735",0,1931,"Copiah","614",295596
"736",0,1929,"Pearl River","136",12060
"737",0,1931,"Pearl River","136",18000
"738",1,1929,"Marshall","101",53309
"739",1,1931,"Marshall","101",36330
"740",0,1931,"Forrest","119",14894
"741",1,1931,"Lowndes","1676",37758
"742",0,1931,"Wayne","317",14238
"743",1,1929,"Washington","117",45698
"744",1,1931,"Washington","117",22000
"745",1,1931,"Washington","136",19138
"746",0,1931,"Hinds","136",184636
"747",0,1931,"Pike","136",8409
"748",0,1931,"Warren","136",65000
"749",0,1931,"Lincoln","1502",31566
"750",0,1931,"Hinds","1677",33054
"751",0,1929,"Jackson","136",13943
"752",0,1929,"Hinds","520",21153
"753",0,1931,"Hinds","520",13665
"754",1,1929,"Washington","520",5475
"755",0,1929,"Forrest","1005",27281
"756",0,1931,"Forrest","1676",40730
"757",0,1931,"Hinds","614",549430
"758",0,1929,"Simpson","119",18607
"759",0,1931,"Simpson","119",5600
"760",1,1929,"Yalobusha","119",21000
"761",1,1931,"Yalobusha","119",11880
"762",1,1931,"Yalobusha","1502",67860
"763",0,1931,"Forrest","1502",27243
"764",1,1931,"Lee","110",63790
"765",0,1931,"Jones","110",31253
"766",0,1929,"Forrest","651",419974
"767",0,1931,"Forrest","633",141328
"768",0,1931,"Forrest","101",13041
"769",0,1929,"Hinds","101",35000
"770",0,1931,"Hinds","101",11833
"771",0,1929,"Warren","118",74626
"772",0,1931,"Warren","118",53000
"773",0,1931,"Claiborne","1604",5452
"774",1,1929,"Union","119",16873
"775",1,1931,"Union","119",7925
"776",0,1931,"Lauderdale","234a",606603
"777",1,1929,"Washington","118",20922
"778",1,1931,"Washington","118",8934
"779",0,1931,"Wayne","317",16242
"780",0,1931,"Harrison","118",18300
"781",1,1929,"Leflore","136",52197
"782",1,1931,"Leflore","136",19321
"783",0,1931,"Hinds","614",446800
"784",0,1931,"Madison","1677",10084
"785",0,1931,"Forrest","1677",6442
"786",0,1929,"Adams","136",15000
"787",0,1931,"Adams","136",7486
"788",1,1931,"Union","1677",8603
"789",1,1929,"Washington","136",65000
"790",1,1931,"Washington","136",46980
"791",0,1929,"Yazoo","216",171990
"792",0,1931,"Yazoo","216",140977
"793",0,1931,"Harrison","1502",77461
"794",0,1929,"Hinds","520",5100
"795",0,1931,"Hinds","520",5624
"796",0,1931,"Harrison","317",18656
"797",0,1929,"Harrison","520",20167
"798",0,1931,"Harrison","520",10537
"799",1,1931,"Panola","119",6480
"800",1,1931,"Oktibbeha","1676",26329
"801",1,1931,"Washington","119",7230
"802",0,1931,"Pearl River","119",8056
"803",0,1931,"Hinds","110",5920
"804",1,1929,"Attala","111",428888
"805",1,1931,"Attala","111",318204
"806",0,1929,"Warren","101",24480
"807",0,1931,"Warren","101",9800
"808",0,1929,"Newton","622",625653
"809",0,1931,"Newton","622",463260
"810",0,1929,"Hinds","622",6e+05
"811",0,1931,"Hinds","622",378000
"812",1,1929,"Monroe","119",13774
"813",1,1931,"Monroe","119",7790
"814",0,1931,"Hinds","1677",8000
"815",1,1929,"Coahoma","101",23000
"816",1,1931,"Coahoma","101",11055
"817",1,1931,"Alcorn","1677",7175
"818",1,1931,"Attala","1677",6103
"819",0,1929,"Lauderdale","112",208333
"820",0,1931,"Lauderdale","112",90350
"821",0,1931,"Hinds","119",21432
"822",0,1931,"Pearl River","118",15156
"823",1,1931,"Lowndes","1502",120306
"824",1,1931,"Leflore","622",1127042
"825",0,1931,"Adams","1676",17173
"826",1,1931,"Washington","1677",13780
"827",0,1929,"Lincoln","118",103279
"828",0,1931,"Lincoln","118",47535
"829",1,1929,"Bolivar","118",30000
"830",1,1931,"Bolivar","118",35300
"831",0,1929,"Madison","119",7996
"832",0,1931,"Madison","119",7200
"833",0,1929,"Harrison","119",39260
"834",0,1931,"Harrison","119",31200
"835",0,1931,"Adams","1676",65050
"836",1,1931,"Calhoun","119",7165
"837",1,1931,"Holmes","1502",59829
"838",0,1931,"Jackson","104",20640
"839",0,1931,"Warren","110",18000
"840",0,1929,"Lauderdale","118",106143
"841",0,1931,"Lauderdale","118",65272
"842",0,1929,"Neshoba","107",51045
"843",0,1931,"Neshoba","107",30338
"844",0,1929,"Lauderdale","520",19148
"845",0,1931,"Lauderdale","520",15000
"846",1,1931,"Noxubee","119",13114
"847",1,1931,"Holmes","103",50318
"848",0,1931,"Clarke","119",8266
"849",1,1929,"Coahoma","136",42000
"850",1,1929,"Holmes","101",52480
"851",1,1931,"Holmes","101",35800
"852",0,1931,"Forrest","110",12900
"853",0,1931,"Yazoo","1676",34211
"854",1,1929,"Holmes","136",10000
"855",1,1931,"Holmes","136",5250
"856",1,1929,"Monroe","136",25600
"857",1,1931,"Washington","136",32072
"858",0,1929,"Lauderdale","520",20748
"859",0,1931,"Lauderdale","520",16400
"860",0,1931,"Lauderdale","110",102450
"861",1,1931,"Washington","1677",8000
"862",0,1929,"Clarke","101",41838
"863",0,1931,"Clarke","101",28000
"864",0,1931,"Harrison","1676",10825
"865",0,1929,"Hinds","136",40000
"866",0,1931,"Hinds","136",19695
"867",0,1931,"Adams","110",122689
"868",1,1931,"Lee","520",7292
"869",0,1931,"Adams","520",5036
"870",0,1931,"Lauderdale","1677",6813
"871",0,1929,"Hinds","520",147170
"872",0,1931,"Hinds","520",65000
"873",0,1929,"Harrison","1410",7125
"874",0,1929,"Hinds","1204",103546
"875",0,1929,"Jones","101",20000
"876",1,1929,"Tallahatchie","652",350305
"877",1,1929,"Lee","1004",14000
"878",1,1929,"Union","314",95000
"879",1,1929,"Montgomery","314",140000
"880",0,1929,"Neshoba","314",23750
"881",1,1929,"Leflore","119",16000
"882",1,1929,"Lee","216",1058415
"883",1,1929,"Lowndes","107",168484
"884",1,1929,"Winston","1004",61460
"885",1,1929,"Chickasaw","1004",15075
"886",0,1929,"Lamar","119",14721
"887",0,1929,"Jasper","314",16000
"888",0,1929,"Harrison","104",126944
"889",1,1929,"Tallahatchie","119",21853
"890",0,1929,"Lauderdale","1624",25000
"891",0,1929,"Jackson","119",43839
"892",1,1929,"Coahoma","622",724466
"893",0,1929,"Jones","119",18464
"894",0,1929,"Jones","1004",55111
"895",0,1929,"Forrest","515",14116
"896",1,1929,"Monroe","314",108862
"897",0,1929,"Pearl River","119",16083
"898",1,1929,"Oktibbeha","515",16100
"899",0,1929,"Marion","304",173582
"900",0,1929,"Lauderdale","1624",39630
"901",0,1929,"Marion","1005",10000
"902",0,1929,"Harrison","1410",5080
"903",1,1929,"Clay","112",30000
"904",0,1929,"Jones","520",17880
"905",1,1929,"Montgomery","103",120588
"906",0,1929,"Leake","314",57919
"907",1,1929,"Sunflower","119",8219
"908",0,1929,"Adams","314",13000
"909",1,1929,"Humphreys","118",19512
"910",1,1929,"Panola","119",6835
"911",0,1929,"Wayne","101",15000
"912",0,1929,"Yazoo","101",15500
"913",0,1929,"Forrest","119",23109
"914",0,1929,"Greene","119",8120
"915",0,1929,"Hinds","1005",6250
"916",0,1929,"Adams","515",75687
"917",1,1929,"Lee","265",98784
"918",1,1929,"Attala","314",80000
"919",0,1929,"Stone","101",5856
"920",1,1929,"Alcorn","515",18284
"921",1,1929,"Coahoma","314",36676
"922",0,1929,"Hinds","518",15000
"923",0,1929,"Harrison","515",45900
"924",1,1929,"Clay","216",129718
"925",1,1929,"Yalobusha","314",50000
"926",0,1929,"Hinds","1005",94959
"927",0,1929,"Lincoln","1004",108456
"928",0,1929,"Madison","314",3e+05
"929",0,1929,"Hinds","136",79960
"930",1,1929,"Bolivar","515",8440
"931",0,1929,"Hinds","118",30000
"932",1,1929,"Monroe","622",75151
"933",0,1929,"Yazoo","515",17506
"934",0,1929,"Harrison","123",9120
"935",1,1929,"Holmes","314",72000
"936",0,1929,"Stone","119",8209
"937",0,1929,"Hinds","515",237724
"938",0,1929,"Hinds","1204",23000
"939",0,1929,"Forrest","1004",69242
"940",0,1929,"Jones","1005",19205
"941",1,1929,"Bolivar","118",1e+05
"942",1,1929,"Winston","101",17285
"943",1,1929,"Pontotoc","1004",8750
"944",0,1929,"Pike","117",10153
"945",0,1929,"Forrest","119",34007
"946",1,1929,"Holmes","515",16000
"947",1,1929,"Lee","515",9388
"948",0,1929,"Simpson","314",97640
"949",0,1929,"Hinds","1640",23780
"950",1,1929,"Attala","314",48000
"951",1,1929,"Noxubee","101",26583
"952",0,1929,"Leake","1004",7000
"953",0,1929,"Harrison","118",35000
"954",0,1929,"Copiah","304",292448
"955",0,1929,"Lincoln","515",7678
"956",0,1929,"Harrison","314",41452
"957",0,1929,"Harrison","1410",8041
"958",0,1929,"Lincoln","101",16500
"959",0,1929,"Yazoo","1004",11060
"960",0,1929,"Lauderdale","1604",52181
"961",0,1929,"Jones","118",15000
"962",1,1929,"Choctaw","314",64000
"963",0,1929,"Hinds","114",940191
"964",0,1929,"Claiborne","1604",16525
"965",1,1929,"Leflore","118",33947
"966",0,1929,"Forrest","119",7273
"967",0,1929,"Hinds","622",1046265
"968",0,1929,"Warren","314",479349
"969",1,1929,"Attala","314",210000
"970",1,1929,"Monroe","314",89000
"971",0,1929,"Lauderdale","1004",40686
"972",1,1929,"Clay","515",34966
"973",1,1929,"Attala","111",241154
"974",1,1929,"Sunflower","118",19636
"975",0,1929,"Harrison","1410",6245
"976",0,1929,"Adams","101",30000
"977",1,1929,"Lee","265",70000
"978",0,1929,"Smith","119",6806
"979",1,1929,"Tate","515",6312
"980",1,1929,"Holmes","107",75982
"981",1,1929,"Humphreys","622",226285
"982",0,1929,"Warren","520",5273
"983",0,1929,"Hinds","304",396240
"984",0,1929,"Lauderdale","314",34000
"985",0,1929,"Lauderdale","515",363262
"986",1,1929,"Lowndes","515",20171
"987",0,1929,"Rankin","515",27000
"988",1,1929,"Bolivar","515",13618
"989",1,1929,"Coahoma","515",20511
"990",1,1929,"Lowndes","101",50806
"991",1,1929,"Holmes","1004",72568
"992",0,1929,"Madison","515",15169
"993",0,1929,"Lauderdale","314",40000
"994",0,1929,"Jones","651",15636
"995",0,1929,"Kemper","515",6000
"996",0,1929,"Hinds","314",114522
"997",1,1929,"Humphreys","515",14870
"998",1,1929,"Tippah","314",96000
"999",0,1929,"Lauderdale","314",97271
"1000",1,1929,"Oktibbeha","314",70000
"1001",1,1929,"Carroll","314",66688
"1002",0,1929,"Scott","314",158400
"1003",1,1929,"Leflore","314",35500
"1004",1,1929,"Itawamba","314",60000
"1005",1,1929,"Tishomingo","314",162000
"1006",1,1929,"Tishomingo","314",90000
"1007",1,1929,"Monroe","314",250000
"1008",0,1929,"Hinds","107",13000
"1009",0,1929,"Pike","116",129800
"1010",0,1929,"Hinds","314",733354
"1011",0,1929,"Jones","314",10152
"1012",1,1929,"Montgomery","314",120875
"1013",0,1929,"Hinds","314",5399
"1014",0,1929,"Lauderdale","101",7000
"1015",0,1929,"Jasper","314",80000
"1016",0,1929,"Kemper","314",180000
"1017",1,1929,"Oktibbeha","314",68818
"1018",1,1929,"Oktibbeha","314",165865
"1019",0,1929,"Adams","314",16000
"1020",0,1929,"Lauderdale","119",21054
"1021",1,1929,"Monroe","314",25000
"1022",1,1929,"Washington","119",20142.77
"1023",1,1929,"Yalobusha","314",1e+05
"1024",1,1929,"Lowndes","119",30860
"1025",0,1929,"Claiborne","314",55500
"1026",1,1929,"Webster","515",11000
"1027",1,1929,"Leflore","622",2927955
"1028",1,1929,"Leflore","1004",25000
"1029",0,1929,"Hinds","101",24000
"1030",0,1929,"Forrest","119",7859
"1031",0,1929,"Jackson","1410",17555
"1032",1,1929,"Quitman","119",11684
"1033",1,1929,"Leflore","1204",30069
"1034",1,1929,"Alcorn","314",70548
"1035",1,1929,"Lafayette","314",14400
"1036",0,1929,"Lauderdale","622",610579
"1037",1,1929,"Noxubee","314",17300
"1038",0,1929,"Lauderdale","118",50000
"1039",0,1929,"Hinds","1004",77825
"1040",1,1929,"Lowndes","520",13763
"1041",1,1929,"Oktibbeha","622",74384
"1042",0,1929,"Hinds","520",15000
"1043",1,1929,"Leflore","112",11000
"1044",1,1929,"Benton","314",30000
"1045",1,1929,"Calhoun","314",166000
"1046",0,1929,"Jones","103",68082
"1047",0,1929,"Harrison","515",6464
"1048",1,1929,"Chickasaw","118",13436
"1049",0,1929,"Harrison","104",59221
"1050",1,1929,"Tishomingo","314",61537
"1051",1,1929,"Lee","314",20000
"1052",0,1929,"Greene","119",6644
"1053",1,1929,"Lee","1004",32000
"1054",0,1929,"Hinds","1640",22700
"1055",0,1929,"Wayne","314",105041
"1056",0,1929,"Harrison","104",27200
"1057",1,1929,"Winston","136",14000
"1058",1,1929,"Grenada","314",62700
"1059",0,1929,"Hinds","112",8370
"1060",0,1929,"Claiborne","314",14000
"1061",1,1929,"Leflore","101",43610
"1062",0,1929,"Jones","101",15998
"1063",1,1929,"Tishomingo","314",15000
"1064",0,1929,"Forrest","520",34145
"1065",0,1929,"Lincoln","105",52528
"1066",0,1929,"Forrest","118",58000
"1067",0,1929,"Kemper","314",70000
"1068",0,1929,"Madison","101",16484
"1069",1,1929,"Lee","1014",18000
"1070",0,1929,"Kemper","314",61200
"1071",1,1929,"Montgomery","136",5400
"1072",0,1929,"Forrest","314",717725
"1073",1,1929,"Leflore","515",5797
"1074",1,1929,"Grenada","101",25464
"1075",1,1929,"Itawamba","314",40000
"1076",0,1929,"Pearl River","101",21620
"1077",1,1929,"Grenada","314",79715
"1078",1,1929,"Lee","314",26400
"1079",1,1929,"Tishomingo","314",76370
"1080",1,1929,"Yalobusha","314",99453
"1081",1,1929,"Union","515",10000
"1082",0,1929,"Greene","105",9600
"1083",0,1929,"Forrest","314",32966
"1084",0,1929,"Forrest","101",40000
"1085",0,1929,"Copiah","304",291335
"1086",0,1929,"Forrest","1640",5500
"1087",0,1929,"Hinds","314",515009
"1088",0,1929,"Harrison","515",139189
"1089",0,1929,"Hinds","1004",59600
"1090",1,1929,"Calhoun","314",119000
"1091",0,1929,"Hinds","1204",19000
"1092",1,1929,"Panola","314",56166
"1093",1,1929,"Calhoun","314",45243
"1094",0,1929,"Hinds","622",3090184
"1095",0,1929,"Yazoo","515",14710
"1096",1,1929,"Clay","314",11500
"1097",1,1929,"Montgomery","515",6000
"1098",0,1929,"Lauderdale","314",29593
"1099",0,1929,"Adams","515",9522
"1100",1,1929,"Bolivar","101",12600
"1101",1,1929,"Clay","103",290670
"1102",0,1929,"Hinds","304",7175
"1103",1,1929,"Tishomingo","314",55500
"1104",0,1929,"Warren","515",134142
"1105",1,1929,"Washington","515",24171
"1106",1,1929,"Washington","101",20000
"1107",0,1929,"Hinds","118",7500
"1108",0,1929,"Lincoln","515",6995
"1109",0,1929,"Pike","116",29000
"1110",0,1929,"Hinds","304",152728
"1111",0,1929,"Adams","136",21098
"1112",0,1929,"Pike","515",15000
"1113",1,1929,"Alcorn","266",24733
"1114",1,1929,"Alcorn","265",38395
"1115",0,1929,"Clarke","216",1870784
"1116",0,1929,"Pike","216",444776
"1117",1,1929,"Attala","216",381017
"1118",0,1929,"Hinds","1640",23347
"1119",1,1929,"Pontotoc","1624",7738
"1120",0,1929,"Jackson","1624",77320
"1121",0,1929,"Amite","105",25973
"1122",0,1929,"Adams","136",9000
"1123",1,1929,"Leflore","622",748545
"1124",0,1929,"Harrison","119",16373
"1125",0,1929,"Clarke","119",6948
"1126",0,1929,"Jones","128",72800
"1127",0,1929,"Adams","123",144000
"1128",1,1929,"Coahoma","1204",23565
"1129",0,1929,"Pike","101",14000
"1130",1,1929,"Lee","265",263411
"1131",1,1929,"Lafayette","314",220000
"1132",0,1929,"Forrest","123",53680
"1133",0,1929,"Lauderdale","314",9585
"1134",0,1929,"Neshoba","119",20854
"1135",0,1929,"Jones","216",1050847
"1136",1,1929,"Monroe","118",12409
"1137",0,1929,"Clarke","515",5367
"1138",1,1929,"Tippah","314",50000
"1139",0,1929,"Leake","314",2e+05
"1140",0,1929,"Harrison","104",217697
"1141",0,1929,"Harrison","104",145124
"1142",1,1929,"Yalobusha","103",31919
"1143",0,1929,"Lauderdale","112",174789
"1144",1,1929,"Monroe","111",29259
"1145",1,1929,"Lee","103",226434
"1146",0,1929,"Forrest","1005",16500
"1147",1,1929,"Pontotoc","314",24000
"1148",0,1929,"Forrest","1204",20000
"1149",1,1929,"Lee","266",15825
"1150",0,1929,"Adams","1004",6400
"1151",1,1929,"Lafayette","101",7500
"1152",1,1929,"Tippah","314",19000
"1153",0,1929,"Forrest","1005",14050
"1154",0,1929,"Pearl River","101",7751
"1155",1,1929,"Lee","101",39447
"1156",1,1929,"Leflore","101",59820
"1157",1,1929,"Washington","101",42000
"1158",1,1929,"Pontotoc","105",13164
"1159",1,1929,"Lafayette","314",70000
"1160",0,1929,"Sharkey","101",50303
"1161",0,1929,"Covington","314",24000
"1162",0,1929,"Harrison","101",12424
"1163",0,1929,"Jones","515",94744
"1164",1,1929,"Washington","119",19230
"1165",1,1929,"Alcorn","1004",125504
"1166",0,1929,"Marion","136",25400
"1167",0,1929,"Adams","1604",8695
"1168",0,1929,"Adams","112",22323
"1169",1,1929,"Calhoun","314",50000
"1170",1,1929,"Noxubee","103",210687
"1171",1,1929,"Alcorn","622",828068
"1172",1,1929,"Washington","118",6893
"1173",1,1929,"Sunflower","515",6861
"1174",0,1929,"Warren","128",44000
"1175",1,1929,"Grenada","314",94358
"1176",0,1929,"Hinds","518",24776
"1177",1,1929,"Monroe","622",145727
"1178",1,1929,"Marshall","314",96660
"1179",0,1929,"Warren","119",31854
"1180",0,1929,"Stone","105",572633
"1181",1,1929,"Yalobusha","101",25463
"1182",1,1929,"Tallahatchie","119",5800
"1183",1,1929,"Clay","126",99517
"1184",0,1929,"Rankin","314",142825
"1185",1,1929,"Calhoun","314",10670
"1186",0,1929,"Scott","314",144000
"1187",0,1929,"Lauderdale","314",45000
"1188",1,1929,"Lowndes","1204",33451
"1189",1,1929,"Itawamba","314",75000
"1190",0,1929,"Simpson","101",6174
"1191",0,1929,"Harrison","104",244000
"1192",1,1929,"Monroe","314",33000
"1193",1,1929,"Lowndes","1004",29345
"1194",0,1929,"Hinds","515",439217
"1195",0,1929,"Hinds","119",24687
"1196",1,1929,"Chickasaw","314",190000
"1197",0,1929,"Pearl River","314",52537
"1198",0,1929,"Adams","304",314000
"1199",0,1929,"Lauderdale","1005",48000
"1200",0,1929,"Scott","314",75484
"1201",1,1929,"Grenada","314",143000
"1202",0,1929,"Pike","515",7950
"1203",1,1929,"Holmes","314",139424
"1204",0,1929,"Yazoo","622",532219
"1205",1,1929,"Panola","101",35000
"1206",1,1929,"Alcorn","314",165000
"1207",0,1929,"Copiah","304",46084
"1208",1,1929,"Itawamba","314",153000
"1209",1,1929,"Prentiss","1004",10326
"1210",0,1929,"Wayne","105",179519
"1211",0,1929,"Newton","314",66144
"1212",0,1929,"Warren","119",18000
"1213",0,1929,"Warren","112",53529
